{
  "__version__": "1.0.0",
  "current-scene": "f955ffde-0c3f-41e2-ac9a-09c5413dd331",
  "gizmos-infos": {
    "is2D": false,
    "is3DIcon": false,
    "iconSize": 2,
    "gridVisible": false,
    "gridColor": [
      150,
      150,
      150,
      255
    ],
    "isIconGizmo3D": false,
    "iconGizmoSize": 2,
    "isGridVisible": false
  },
  "float-window": {
    "position": {
      "cc": {
        "Camera": {
          "dock": false,
          "top": null,
          "bottom": 10,
          "left": null,
          "right": 10
        }
      }
    }
  },
  "camera-infos": {
    "f46876e4-e81b-4931-b493-6d367be385e7": {
      "position": {
        "x": -6.742711876996458,
        "y": 4.127855126733863,
        "z": 9.206354685533055
      },
      "rotation": {
        "x": -0.07493772934216573,
        "y": -0.4395977209319518,
        "z": -0.036835790364904156,
        "w": 0.8943049036165898
      },
      "viewCenter": {
        "x": 10.528187520648595,
        "y": 0.44647935923035753,
        "z": -4.116578562318386
      }
    }
  },
  "camera-uuids": [
    "f46876e4-e81b-4931-b493-6d367be385e7"
  ],
  "camera": {
    "fov": 44
  }
}
